{
  "meta": {
    "host": "n128.fortytwo.ibest.uidaho.edu",
    "python": "3.11.10",
    "have_jax": true,
    "have_sympy": true,
    "have_ndvm": true,
    "iters": 30,
    "kalman_T": 80,
    "loop_n": 16,
    "note": "Staged-graph baseline + amortization; staging=JAX jit compile / sympy lambdify, unstaged refs=DMCI oracle and NDVM native.",
    "jax": "0.10.1"
  },
  "rows": [
    {
      "name": "scalar_mul_add",
      "regime": "scalar",
      "dmci_per_step_ms": 3.288412990514189,
      "dmci_val": 4.0,
      "ndvm_per_step_ms": 0.1586920116096735,
      "ndvm_val": 4.0,
      "jax_staging_ms": 34.702367964200675,
      "jax_per_step_ms": 0.007394002750515938,
      "jax_val": 4.0,
      "jax_match": true,
      "crossover_vs_dmci": 10.576704399950348,
      "crossover_vs_ndvm": 229.3643401249577,
      "sympy_staging_ms": 462.78245298890397,
      "sympy_per_step_ms": 0.00045099295675754547,
      "sympy_val": 4.0,
      "sympy_match": true,
      "sympy_crossover_vs_dmci": 140.75054800897846,
      "sympy_crossover_vs_ndvm": 2924.5416702224707,
      "curve_ns": [
        1,
        2,
        5,
        10,
        20,
        50,
        100,
        200,
        500,
        1000,
        2000
      ],
      "curve_total_ms": {
        "staged_jax": [
          34.70976196695119,
          34.71715596970171,
          34.739337977953255,
          34.776307991705835,
          34.850248019210994,
          35.07206810172647,
          35.44176823925227,
          36.18116851430386,
          38.399369339458644,
          42.09637071471661,
          49.49037346523255
        ],
        "dmci": [
          3.288412990514189,
          6.576825981028378,
          16.442064952570945,
          32.88412990514189,
          65.76825981028378,
          164.42064952570945,
          328.8412990514189,
          657.6825981028378,
          1644.2064952570945,
          3288.412990514189,
          6576.825981028378
        ],
        "ndvm": [
          0.1586920116096735,
          0.317384023219347,
          0.7934600580483675,
          1.586920116096735,
          3.17384023219347,
          7.934600580483675,
          15.86920116096735,
          31.7384023219347,
          79.34600580483675,
          158.6920116096735,
          317.384023219347
        ]
      }
    },
    {
      "name": "michaelis_menten",
      "regime": "scalar",
      "dmci_per_step_ms": 4.7162139671854675,
      "dmci_val": 1.5,
      "ndvm_per_step_ms": 0.15660695498809218,
      "ndvm_val": 1.5,
      "jax_staging_ms": 30.298235011287034,
      "jax_per_step_ms": 0.014036952052265406,
      "jax_val": 1.5,
      "jax_match": true,
      "crossover_vs_dmci": 6.443448409912478,
      "crossover_vs_ndvm": 212.5147954505184,
      "sympy_staging_ms": 9.824612992815673,
      "sympy_per_step_ms": 0.0005509937182068825,
      "sympy_val": 1.5,
      "sympy_match": true,
      "sympy_crossover_vs_dmci": 2.0834001598702,
      "sympy_crossover_vs_ndvm": 62.95570456180686,
      "curve_ns": [
        1,
        2,
        5,
        10,
        20,
        50,
        100,
        200,
        500,
        1000,
        2000
      ],
      "curve_total_ms": {
        "staged_jax": [
          30.3122719633393,
          30.326308915391564,
          30.36841977154836,
          30.438604531809688,
          30.57897405233234,
          31.000082613900304,
          31.701930216513574,
          33.105625421740115,
          37.316711037419736,
          44.33518706355244,
          58.372139115817845
        ],
        "dmci": [
          4.7162139671854675,
          9.432427934370935,
          23.581069835927337,
          47.162139671854675,
          94.32427934370935,
          235.81069835927337,
          471.62139671854675,
          943.2427934370935,
          2358.1069835927337,
          4716.2139671854675,
          9432.427934370935
        ],
        "ndvm": [
          0.15660695498809218,
          0.31321390997618437,
          0.7830347749404609,
          1.5660695498809218,
          3.1321390997618437,
          7.830347749404609,
          15.660695498809218,
          31.321390997618437,
          78.30347749404609,
          156.60695498809218,
          313.21390997618437
        ]
      }
    },
    {
      "name": "damped_oscillator",
      "regime": "scalar_transcendental",
      "dmci_per_step_ms": 10.606397991068661,
      "dmci_val": -0.6312471032142639,
      "ndvm_per_step_ms": 0.17093500355258584,
      "ndvm_val": -0.6312471032142639,
      "jax_staging_ms": 38.44327898696065,
      "jax_per_step_ms": 0.016370962839573622,
      "jax_val": -0.6312471032142639,
      "jax_match": true,
      "crossover_vs_dmci": 3.6301398367053372,
      "crossover_vs_ndvm": 248.7207167308757,
      "sympy_staging_ms": 7.628463965374976,
      "sympy_per_step_ms": 0.0018840073607861996,
      "sympy_val": -0.6312470857267667,
      "sympy_match": true,
      "sympy_crossover_vs_dmci": 0.7193600741245549,
      "sympy_crossover_vs_ndvm": 45.12522337768406,
      "curve_ns": [
        1,
        2,
        5,
        10,
        20,
        50,
        100,
        200,
        500,
        1000,
        2000
      ],
      "curve_total_ms": {
        "staged_jax": [
          38.45964994980022,
          38.4760209126398,
          38.52513380115852,
          38.606988615356386,
          38.77069824375212,
          39.26182712893933,
          40.08037527091801,
          41.717471554875374,
          46.62876040674746,
          54.81424182653427,
          71.1852046661079
        ],
        "dmci": [
          10.606397991068661,
          21.212795982137322,
          53.031989955343306,
          106.06397991068661,
          212.12795982137322,
          530.3198995534331,
          1060.6397991068661,
          2121.2795982137322,
          5303.198995534331,
          10606.397991068661,
          21212.795982137322
        ],
        "ndvm": [
          0.17093500355258584,
          0.3418700071051717,
          0.8546750177629292,
          1.7093500355258584,
          3.418700071051717,
          8.546750177629292,
          17.093500355258584,
          34.18700071051717,
          85.46750177629292,
          170.93500355258584,
          341.8700071051717
        ]
      }
    },
    {
      "name": "logistic_map_loop",
      "regime": "recursive_scalar",
      "dmci_per_step_ms": 163.07365702232346,
      "dmci_val": 0.5130459666252136,
      "ndvm_per_step_ms": 0.14954397920519114,
      "ndvm_val": 0.5130459666252136,
      "jax_staging_ms": 54.543539008591324,
      "jax_per_step_ms": 0.014106975868344307,
      "jax_val": 0.5130459666252136,
      "jax_match": true,
      "crossover_vs_dmci": 0.3345007329718011,
      "crossover_vs_ndvm": 402.7225770267192,
      "curve_ns": [
        1,
        2,
        5,
        10,
        20,
        50,
        100,
        200,
        500,
        1000,
        2000
      ],
      "curve_total_ms": {
        "staged_jax": [
          54.55764598445967,
          54.57175296032801,
          54.614073887933046,
          54.68460876727477,
          54.82567852595821,
          55.24888780200854,
          55.954236595425755,
          57.364934182260185,
          61.59702694276348,
          68.65051487693563,
          82.75749074527994
        ],
        "dmci": [
          163.07365702232346,
          326.1473140446469,
          815.3682851116173,
          1630.7365702232346,
          3261.473140446469,
          8153.682851116173,
          16307.365702232346,
          32614.731404464692,
          81536.82851116173,
          163073.65702232346,
          326147.3140446469
        ],